DATE,CPI,GDP,FEDREV_mm_nom,PCE,FEDFUNDS,GFDEBTN,PSAVERT,REVOLSL,UNRATE,INFL
1930-01-01,,,4830.2,,,,,,,
1931-01-01,,,3979.2,,,,,,,
1932-01-01,,,2634.0,,,,,,,
1933-01-01,,,3260.0,,,,,,,
1934-01-01,,,3886.0,,,,,,,
1935-01-01,,,4531.0,,,,,,,
1936-01-01,,,5176.0,,,,,,,
1937-01-01,,,6201.0,,,,,,,
1938-01-01,,,7226.0,,,,,,,
1939-01-01,,,7113.0,,,,,,,
1940-01-01,,,6548.0,,,,,,,
1941-01-01,,,8712.0,,,,,,,
1942-01-01,,,14634.0,,,,,,,
1943-01-01,,,24001.0,,,,,,,
1944-01-01,,,43747.0,,,,,,,
1945-01-01,,,45159.0,,,,,,,
1946-01-01,,,39296.0,,,,,,,
1947-01-01,21.48,243.164,38514.0,,,,,,,
1947-02-01,21.62,,,,,,,,,
1947-03-01,22.0,,,,,,,,,
1947-04-01,22.0,245.968,,,,,,,,
1947-05-01,21.95,,,,,,,,,
1947-06-01,22.08,,,,,,,,,
1947-07-01,22.23,249.585,,,,,,,,
1947-08-01,22.4,,,,,,,,,
1947-09-01,22.84,,,,,,,,,
1947-10-01,22.91,259.745,,,,,,,,
1947-11-01,23.06,,,,,,,,,
1947-12-01,23.41,,,,,,,,,
1948-01-01,23.68,265.742,41560.0,,,,,,3.4,10.24208566108007
1948-02-01,23.67,,,,,,,,3.8,9.481961147086034
1948-03-01,23.5,,,,,,,,4.0,6.8181818181818175
1948-04-01,23.82,272.567,,,,,,,3.9,8.272727272727275
1948-05-01,24.01,,,,,,,,3.5,9.38496583143509
1948-06-01,24.15,,,,,,,,3.6,9.375000000000002
1948-07-01,24.4,279.196,,,,,,,3.6,9.761583445793963
1948-08-01,24.43,,,,,,,,3.9,9.062500000000005
1948-09-01,24.36,,,,,,,,3.8,6.654991243432573
1948-10-01,24.31,280.366,,,,,,,3.7,6.110868616324742
1948-11-01,24.16,,,,,,,,3.8,4.770164787510848
1948-12-01,24.05,,,,,,,,4.0,2.7338744126441714
1949-01-01,24.01,275.034,39415.0,,,,,,4.3,1.393581081081089
1949-02-01,23.91,,,,,,,,4.7,1.0139416983523382
1949-03-01,23.91,,,,,,,,5.0,1.7446808510638303
1949-04-01,23.92,271.351,,,,,,,5.3,0.41981528127624446
1949-05-01,23.91,,,,,,,,6.1,-0.41649312786339615
1949-06-01,23.92,,,,,,,,6.2,-0.9523809523809394
1949-07-01,23.7,272.889,,,,,,,6.7,-2.8688524590163906
1949-08-01,23.7,,,,,,,,6.8,-2.9881293491608694
1949-09-01,23.75,,,,,,,,6.6,-2.5041050903119846
1949-10-01,23.67,270.627,,,,,,,7.9,-2.632661456190856
1949-11-01,23.7,,,,,,,,6.4,-1.9039735099337782
1949-12-01,23.61,,,,,,,,6.6,-1.8295218295218347
1950-01-01,23.51,280.828,39443.0,,,,,,6.5,-2.082465639316951
1950-02-01,23.61,,,,,,,,6.4,-1.2547051442910946
1950-03-01,23.64,,,,,,,,6.3,-1.1292346298619806
1950-04-01,23.65,290.383,,,,,,,5.8,-1.128762541806033
1950-05-01,23.77,,,,,,,,5.5,-0.5855290673358451
1950-06-01,23.88,,,,,,,,5.4,-0.1672240802675698
1950-07-01,24.07,308.153,,,,,,,5.0,1.5611814345991604
1950-08-01,24.2,,,,,,,,4.5,2.109704641350211
1950-09-01,24.34,,,,,,,,4.4,2.4842105263157888
1950-10-01,24.5,319.945,,,,,,,4.2,3.5065483734685183
1950-11-01,24.6,,,,,,,,4.2,3.797468354430389
1950-12-01,24.98,,,,,,,,4.3,5.802626005929695
1951-01-01,25.38,336.0,51616.0,,,,,,3.7,7.954062101233507
1951-02-01,25.83,,,,,,,,3.4,9.402795425667087
1951-03-01,25.88,,,,,,,,3.4,9.475465313028758
1951-04-01,25.92,344.09,,,,,,,3.1,9.598308668076124
1951-05-01,25.99,,,,,,,,3.0,9.33950357593605
1951-06-01,25.93,,,,,,,,3.2,8.584589614740372
1951-07-01,25.91,351.385,,,,,,,3.1,7.644370585791441
1951-08-01,25.86,,,,,,,,3.1,6.859504132231406
1951-09-01,26.03,,,,,,,,3.3,6.943303204601485
1951-10-01,26.16,356.178,,,,,,,3.5,6.775510204081633
1951-11-01,26.32,,,,,,,,3.5,6.991869918699183
1951-12-01,26.47,,,,,,,,3.1,5.964771817453957
1952-01-01,26.45,359.82,66167.0,,,,,,3.2,4.215918045705281
1952-02-01,26.41,,,,,,,,3.1,2.2454510259388383
1952-03-01,26.39,,,,,,,,2.9,1.9706336939721854
1952-04-01,26.46,361.03,,,,,,,2.9,2.08333333333333
1952-05-01,26.47,,,,,,,,3.0,1.8468641785302058
1952-06-01,26.53,,,,,,,,3.0,2.313922097956041
1952-07-01,26.68,367.701,,,,,,,3.2,2.971825549980701
1952-08-01,26.69,,,,,,,,3.4,3.209590100541384
1952-09-01,26.63,,,,,,,,3.1,2.3050326546292657
1952-10-01,26.69,380.812,,,,,,,3.0,2.0259938837920535
1952-11-01,26.69,,,,,,,,2.8,1.4057750759878458
1952-12-01,26.71,,,,,,,,2.7,0.9066868152625689
1953-01-01,26.64,387.98,69608.0,,,,,,2.9,0.7183364839319519
1953-02-01,26.59,,,,,,,,2.6,0.681560015145777
1953-03-01,26.63,,,,,,,,2.6,0.9094353921940069
1953-04-01,26.69,391.749,,,,,,,2.7,0.8692365835222994
1953-05-01,26.7,,,,,,,,2.5,0.8689081979599562
1953-06-01,26.77,,,,,,,,2.5,0.9046362608367825
1953-07-01,26.79,391.171,,,,,,,2.6,0.4122938530734611
1953-08-01,26.85,,,,,,,,2.7,0.5994754589733988
1953-09-01,26.89,,,,,,,,2.9,0.9763424708974899
1953-10-01,26.95,385.97,,,,,,,3.1,0.9741476208317646
1953-11-01,26.85,,,,,,,,3.5,0.5994754589733988
1953-12-01,26.87,,,,,,,,4.5,0.599026581804568
1954-01-01,26.94,385.345,69701.0,,,,,,4.9,1.1261261261261288
1954-02-01,26.99,,,,,,,,5.2,1.504324934185779
1954-03-01,26.93,,,,,,,,5.7,1.126549004881715
1954-04-01,26.86,386.121,,,,,,,5.9,0.6369426751592286
1954-05-01,26.93,,,,,,,,5.9,0.8614232209737844
1954-06-01,26.94,,,,,,,,5.6,0.6350392230108394
1954-07-01,26.86,390.996,,,0.8,,,,5.8,0.26129152668906414
1954-08-01,26.85,,,,1.22,,,,6.0,0.0
1954-09-01,26.81,,,,1.07,,,,6.1,-0.29750836742284065
1954-10-01,26.72,399.734,,,0.85,,,,5.7,-0.8534322820037122
1954-11-01,26.78,,,,0.83,,,,5.3,-0.260707635009312
1954-12-01,26.77,,,,1.28,,,,5.0,-0.3721622627465628
1955-01-01,26.77,413.073,65451.0,,1.39,,,,4.9,-0.6310319227913945
1955-02-01,26.82,,,,1.29,,,,4.7,-0.6298629121896931
1955-03-01,26.79,,,,1.35,,,,4.6,-0.519866320089122
1955-04-01,26.79,421.532,,,1.43,,,,4.7,-0.26061057334326243
1955-05-01,26.77,,,,1.43,,,,4.3,-0.5941329372447091
1955-06-01,26.71,,,,1.64,,,,4.2,-0.8537490720118798
1955-07-01,26.76,430.221,,,1.68,,,,4.0,-0.372300819061794
1955-08-01,26.72,,,,1.96,,,,4.2,-0.48417132216015846
1955-09-01,26.85,,,,2.18,,,,4.1,0.14919806042522454
1955-10-01,26.82,437.092,,,2.24,,,,4.3,0.37425149700599336
1955-11-01,26.88,,,,2.35,,,,4.2,0.37341299477221007
1955-12-01,26.87,,,,2.48,,,,4.2,0.3735524841240247
1956-01-01,26.83,439.746,74587.0,,2.45,,,,4.0,0.22413149047440686
1956-02-01,26.86,,,,2.5,,,,3.9,0.14914243102162247
1956-03-01,26.89,,,,2.5,,,,4.2,0.37327360955580974
1956-04-01,26.93,446.01,,,2.62,,,,4.0,0.5225830533781283
1956-05-01,27.03,,,,2.75,,,,4.3,0.9712364587224563
1956-06-01,27.15,,,,2.71,,,,4.3,1.6473230999625523
1956-07-01,27.29,451.191,,,2.75,,,,4.4,1.9805680119581375
1956-08-01,27.31,,,,2.73,,,,4.1,2.208083832335329
1956-09-01,27.35,,,,2.95,,,,3.9,1.8621973929236497
1956-10-01,27.51,460.463,,,2.96,,,,3.9,2.572706935123047
1956-11-01,27.51,,,,2.88,,,,4.3,2.3437500000000098
1956-12-01,27.63,,,,2.94,,,,4.2,2.828433196873829
1957-01-01,27.67,469.779,79990.0,,2.84,,,,4.2,3.130823704808064
1957-02-01,27.8,,,,3.0,,,,3.9,3.499627699180943
1957-03-01,27.86,,,,2.96,,,,3.7,3.607288955001855
1957-04-01,27.93,472.025,,,3.0,,,,3.9,3.713330857779428
1957-05-01,28.0,,,,3.0,,,,4.1,3.588605253422119
1957-06-01,28.11,,,,3.0,,,,4.3,3.5359116022099477
1957-07-01,28.19,479.49,,,2.99,,,,4.2,3.2979113228288828
1957-08-01,28.28,,,,3.24,,,,4.1,3.551812522885399
1957-09-01,28.32,,,,3.47,,,,4.4,3.546617915904932
1957-10-01,28.32,474.864,,,3.5,,,,4.5,2.9443838604143897
1957-11-01,28.41,,,,3.28,,,,5.1,3.2715376226826556
1957-12-01,28.47,,,,2.98,,,,5.2,3.0401737242128117
1958-01-01,28.64,467.54,79636.0,,2.72,,,,5.8,3.5056017347307513
1958-02-01,28.7,,,,1.67,,,,6.4,3.237410071942441
1958-03-01,28.87,,,,1.2,,,,6.7,3.6252692031586564
1958-04-01,28.94,471.978,,,1.26,,,,7.4,3.6161833154314413
1958-05-01,28.94,,,,0.63,,,,7.4,3.357142857142862
1958-06-01,28.91,,,,0.93,,,,7.3,2.8459622909996467
1958-07-01,28.89,485.841,,,0.68,,,,7.5,2.4831500532103554
1958-08-01,28.94,,,,1.53,,,,7.4,2.3338048090523342
1958-09-01,28.91,,,,1.76,,,,7.1,2.083333333333333
1958-10-01,28.91,499.555,,,1.8,,,,6.7,2.083333333333333
1958-11-01,28.95,,,,2.27,,,,6.2,1.9007391763463537
1958-12-01,28.97,,,,2.42,,,,6.2,1.7562346329469618
1959-01-01,29.01,510.33,79249.0,306.1,2.48,,11.3,,6.0,1.2918994413407856
1959-02-01,29.0,,,309.6,2.43,,10.6,,5.9,1.0452961672473893
1959-03-01,28.97,,,312.7,2.8,,10.3,,5.6,0.34638032559749865
1959-04-01,28.98,522.653,,312.2,2.96,,11.2,,5.2,0.13821700069108206
1959-05-01,29.04,,,316.1,2.9,,10.6,,5.1,0.3455425017277051
1959-06-01,29.11,,,318.2,3.39,,10.5,,5.0,0.6918021445866457
1959-07-01,29.15,525.034,,317.8,3.47,,10.7,,5.1,0.8999653859466874
1959-08-01,29.18,,,320.2,3.5,,9.6,,5.2,0.8293020041465047
1959-09-01,29.25,,,324.2,3.76,,8.7,,5.5,1.1760636457973015
1959-10-01,29.35,528.6,,322.8,3.98,,9.4,,5.7,1.5219647180906304
1959-11-01,29.35,,,322.9,4.0,,10.1,,5.8,1.3816925734024255
1959-12-01,29.41,,,322.9,3.99,,11.0,,5.3,1.5188125647221309
1960-01-01,29.37,542.648,92492.0,323.6,3.99,,10.9,,5.2,1.2409513960703187
1960-02-01,29.41,,,325.3,3.97,,10.6,,4.8,1.4137931034482762
1960-03-01,29.41,,,330.2,3.84,,9.4,,5.4,1.5188125647221309
1960-04-01,29.54,541.08,,336.5,3.92,,8.4,,5.2,1.9323671497584496
1960-05-01,29.57,,,330.0,3.85,,10.4,,5.1,1.82506887052342
1960-06-01,29.61,,,330.1,3.32,,10.4,,5.4,1.7176228100309172
1960-07-01,29.55,545.604,,331.4,3.23,,10.4,,5.5,1.3722126929674174
1960-08-01,29.61,,,331.6,2.98,,10.3,,5.6,1.4736120630568874
1960-09-01,29.61,,,333.4,2.6,,10.0,,5.5,1.2307692307692288
1960-10-01,29.75,540.197,,335.4,2.47,,9.8,,6.1,1.3628620102214601
1960-11-01,29.78,,,335.4,2.44,,9.8,,6.1,1.4650766609880739
1960-12-01,29.81,,,331.3,1.98,,10.4,,6.6,1.360081604896289
1961-01-01,29.84,545.018,94388.0,332.2,1.45,,11.1,,6.6,1.600272386789237
1961-02-01,29.84,,,333.7,2.54,,11.1,,6.9,1.4620877252635147
1961-03-01,29.84,,,337.7,2.02,,10.4,,6.9,1.4620877252635147
1961-04-01,29.81,555.545,,337.6,1.49,,10.6,,7.0,0.9140148950575476
1961-05-01,29.84,,,339.9,1.98,,10.8,,7.1,0.913087588772403
1961-06-01,29.84,,,340.9,1.73,,11.5,,6.9,0.776764606551842
1961-07-01,29.92,567.664,,340.6,1.17,,12.0,,7.0,1.2521150592216617
1961-08-01,29.94,,,342.1,2.0,,11.7,,6.6,1.114488348530908
1961-09-01,29.98,,,344.4,1.88,,11.3,,6.7,1.2495778453225295
1961-10-01,29.98,580.612,,346.5,2.26,,11.7,,6.5,0.7731092436974805
1961-11-01,29.98,,,349.9,2.61,,11.6,,6.1,0.6715916722632614
1961-12-01,30.01,,,352.4,2.33,,11.6,,6.0,0.6709158000671012
1962-01-01,30.04,594.013,99676.0,353.2,2.15,,11.3,,5.8,0.6702412868632683
1962-02-01,30.11,,,354.0,2.37,,11.8,,5.5,0.904825737265414
1962-03-01,30.17,,,357.4,2.85,,11.6,,5.6,1.105898123324403
1962-04-01,30.21,600.366,,359.0,2.78,,11.7,,5.6,1.3418316001341903
1962-05-01,30.24,,,362.0,2.36,,11.1,,5.5,1.3404825737265367
1962-06-01,30.21,,,360.4,2.68,,11.5,,5.5,1.239946380697054
1962-07-01,30.22,609.027,,361.4,2.71,,11.6,,5.4,1.0026737967914343
1962-08-01,30.28,,,362.9,2.93,,11.4,,5.7,1.135604542418169
1962-09-01,30.42,,,368.8,2.9,,10.4,,5.6,1.4676450967311583
1962-10-01,30.38,612.28,,366.5,2.9,,11.3,,5.4,1.3342228152101354
1962-11-01,30.38,,,371.7,2.94,,10.4,,5.7,1.3342228152101354
1962-12-01,30.38,,,373.6,2.93,,10.3,,5.5,1.2329223592135867
1963-01-01,30.44,621.672,106560.0,374.4,2.92,,10.9,,5.7,1.3315579227696475
1963-02-01,30.48,,,373.4,3.0,,10.7,,5.9,1.2288276320159448
1963-03-01,30.51,,,375.0,2.98,,10.6,,5.7,1.1269472986410336
1963-04-01,30.48,629.752,,376.4,2.9,,10.7,,5.7,0.8937437934458774
1963-05-01,30.51,,,377.2,3.0,,10.9,,5.9,0.8928571428571532
1963-06-01,30.61,,,381.7,2.99,,10.5,,5.6,1.324064879179075
1963-07-01,30.69,644.444,,384.4,3.02,,10.1,,5.6,1.5552614162806169
1963-08-01,30.75,,,386.3,3.49,,10.2,,5.4,1.5521796565389658
1963-09-01,30.72,,,385.5,3.48,,11.0,,5.5,0.9861932938855922
1963-10-01,30.75,653.938,,386.0,3.5,,11.5,,5.5,1.2179065174456913
1963-11-01,30.78,,,389.4,3.48,,11.0,,5.7,1.316655694535886
1963-12-01,30.88,,,394.7,3.38,,10.7,,5.5,1.6458196181698488
1964-01-01,30.94,669.822,112613.0,396.8,3.48,,10.7,,5.6,1.64257555847569
1964-02-01,30.91,,,400.2,3.48,,10.4,,5.4,1.4107611548556422
1964-03-01,30.94,,,401.8,3.43,,12.1,,5.4,1.4093739757456563
1964-04-01,30.95,678.674,,402.8,3.47,,12.4,,5.3,1.5419947506561642
1964-05-01,30.98,,,408.4,3.5,,11.7,,5.1,1.5404785316289704
1964-06-01,31.01,,,411.4,3.5,,11.5,,5.2,1.3067624959163742
1964-07-01,31.02,692.031,,414.9,3.42,,11.2,,4.9,1.0752688172042955
1964-08-01,31.05,,,417.7,3.5,,11.1,,5.0,0.9756097560975632
1964-09-01,31.08,,,416.6,3.45,,11.8,,5.1,1.1718749999999982
1964-10-01,31.12,697.319,,419.6,3.36,,11.2,,5.1,1.2032520325203284
1964-11-01,31.21,,,416.4,3.52,,12.5,,4.8,1.3970110461338523
1964-12-01,31.25,,,421.0,3.85,,12.5,,5.0,1.1981865284974125
1965-01-01,31.28,717.79,116817.0,424.4,3.9,,12.1,,4.9,1.0989010989010985
1965-02-01,31.28,,,431.4,3.98,,10.7,,5.1,1.1970236169524457
1965-03-01,31.31,,,433.3,4.05,,10.8,,4.7,1.1958629605688347
1965-04-01,31.38,730.191,,437.1,4.09,,10.2,,4.8,1.3893376413570266
1965-05-01,31.48,,,437.6,4.1,,11.2,,4.6,1.6139444803098775
1965-06-01,31.61,,,435.2,4.05,,12.1,,4.6,1.9348597226700994
1965-07-01,31.58,749.323,,441.0,4.09,,11.9,,4.4,1.8052869116698862
1965-08-01,31.55,,,444.4,4.12,,11.7,,4.4,1.610305958132045
1965-09-01,31.62,,,452.0,4.02,,12.5,,4.3,1.7374517374517462
1965-10-01,31.65,771.857,,458.5,4.08,,10.9,,4.2,1.7030848329048764
1965-11-01,31.75,,,459.1,4.1,,11.5,,4.1,1.7302146747837204
1965-12-01,31.85,,,461.7,4.32,,11.7,,4.0,1.9200000000000046
1966-01-01,31.88,795.734,130835.0,465.2,4.42,320999.0,11.2,,4.0,1.918158567774929
1966-02-01,32.08,,,470.2,4.6,,11.0,,3.8,2.557544757033239
1966-03-01,32.18,,,475.0,4.66,,10.7,,3.8,2.778664963270524
1966-04-01,32.28,804.981,,476.9,4.67,316097.0,10.3,,3.8,2.8680688336520146
1966-05-01,32.35,,,473.1,4.9,,11.2,,3.9,2.76365946632783
1966-06-01,32.38,,,475.5,5.17,,11.4,,3.8,2.4359379943056094
1966-07-01,32.45,819.638,,480.6,5.3,324748.0,10.9,,3.8,2.75490816972769
1966-08-01,32.65,,,483.2,5.53,,11.2,,3.8,3.48652931854199
1966-09-01,32.75,,,489.2,5.4,,11.0,,3.7,3.5736875395319383
1966-10-01,32.85,833.302,,488.3,5.53,329319.0,11.6,,3.7,3.7914691943128056
1966-11-01,32.88,,,490.1,5.76,,11.8,,3.6,3.5590551181102446
1966-12-01,32.92,,,491.8,5.4,,11.6,,3.8,3.359497645211932
1967-01-01,32.9,844.17,148822.0,494.2,4.94,330947.0,12.1,,3.9,3.1994981179422823
1967-02-01,33.0,,,493.0,5.0,,12.6,,3.8,2.867830423940155
1967-03-01,33.0,,,495.8,4.53,,12.8,,3.8,2.548166563082661
1967-04-01,33.1,848.983,,501.3,4.05,322893.0,11.9,,3.8,2.540272614622058
1967-05-01,33.1,,,502.2,3.94,,12.0,,3.8,2.31839258114374
1967-06-01,33.3,,,506.8,3.98,,11.9,,3.9,2.8412600370598966
1967-07-01,33.4,865.233,,506.7,3.79,335896.0,12.6,,3.8,2.9275808936825753
1967-08-01,33.5,,,509.8,3.9,,12.6,,3.8,2.6033690658499276
1967-09-01,33.6,,,515.6,3.99,,11.9,,3.8,2.5954198473282486
1967-10-01,33.7,881.439,,512.2,3.88,344663.0,12.9,,4.0,2.587519025875195
1967-11-01,33.9,,,517.4,4.13,,12.8,,3.9,3.1021897810218855
1967-12-01,34.0,,,525.1,4.51,,11.8,,3.8,3.280680437424053
1968-01-01,34.1,909.387,152973.0,530.9,4.61,349473.0,11.7,1.31677,3.7,3.647416413373869
1968-02-01,34.2,,,533.6,4.71,,12.3,1.35878,3.8,3.636363636363645
1968-03-01,34.3,,,544.3,5.05,,11.7,1.41275,3.7,3.9393939393939306
1968-04-01,34.4,934.344,,544.0,5.76,345369.0,12.3,1.47766,3.5,3.927492447129901
1968-05-01,34.5,,,549.8,6.12,,12.0,1.53842,3.5,4.229607250755282
1968-06-01,34.7,,,556.3,6.07,,11.7,1.61448,3.7,4.204204204204222
1968-07-01,34.9,950.825,,563.2,6.03,354743.0,10.7,1.68567,3.7,4.491017964071856
1968-08-01,35.0,,,567.0,6.03,,10.5,1.76911,3.5,4.477611940298507
1968-09-01,35.1,,,568.2,5.78,,10.6,1.83973,3.4,4.464285714285714
1968-10-01,35.3,968.03,,571.6,5.91,358029.0,10.8,1.95513,3.4,4.747774480712149
1968-11-01,35.4,,,576.7,5.82,,10.6,1.99721,3.4,4.424778761061947
1968-12-01,35.6,,,576.5,6.02,,11.1,2.04154,3.4,4.70588235294118
1969-01-01,35.7,993.337,186882.0,583.5,6.3,359546.0,10.3,2.13751,3.4,4.692082111436954
1969-02-01,35.8,,,588.7,6.61,,9.7,2.21634,3.4,4.678362573099398
1969-03-01,36.1,,,588.9,6.79,,10.2,2.3077,3.4,5.24781341107873
1969-04-01,36.3,1009.02,,593.9,7.41,352895.0,9.7,2.43857,3.4,5.523255813953484
1969-05-01,36.4,,,600.3,8.67,,10.1,2.59369,3.4,5.50724637681159
1969-06-01,36.6,,,600.9,8.9,,11.1,2.72796,3.5,5.475504322766566
1969-07-01,36.8,1029.956,,602.7,8.61,360685.0,11.8,2.86367,3.5,5.444126074498564
1969-08-01,36.9,,,609.9,9.19,,11.5,2.9972,3.5,5.428571428571424
1969-09-01,37.1,,,613.2,9.15,,11.6,3.15896,3.7,5.698005698005698
1969-10-01,37.3,1038.147,,618.5,9.0,368226.0,11.4,3.32694,3.7,5.6657223796034
1969-11-01,37.5,,,620.5,8.85,,11.6,3.46395,3.5,5.932203389830513
1969-12-01,37.7,,,622.8,8.97,,11.8,3.60484,3.5,5.898876404494386
1970-01-01,37.9,1051.2,192807.0,628.7,8.98,372007.0,11.8,3.69321,3.9,6.162464985994386
1970-02-01,38.1,,,634.0,8.98,,11.7,3.80258,4.2,6.424581005586605
1970-03-01,38.3,,,632.3,7.76,,12.4,3.90814,4.4,6.0941828254847525
1970-04-01,38.5,1067.375,,636.0,8.1,370094.0,13.3,4.03354,4.6,6.060606060606069
1970-05-01,38.6,,,642.4,7.95,,12.4,4.1379,4.8,6.043956043956053
1970-06-01,38.8,,,646.3,7.61,,12.3,4.28008,4.9,6.010928961748622
1970-07-01,38.9,1086.059,,648.5,7.21,378678.0,13.5,4.42289,5.0,5.706521739130439
1970-08-01,39.0,,,652.9,6.62,,13.4,4.54239,5.1,5.69105691056911
1970-09-01,39.2,,,659.1,6.29,,12.9,4.68666,5.4,5.660377358490569
1970-10-01,39.4,1088.608,,658.3,6.2,389158.0,13.1,4.83592,5.5,5.630026809651479
1970-11-01,39.6,,,656.6,5.6,,13.6,4.91497,5.9,5.600000000000003
1970-12-01,39.8,,,665.6,4.9,,13.2,4.96146,6.1,5.570291777188313
1971-01-01,39.9,1135.156,187139.0,676.1,4.14,391668.0,13.3,7.16898,5.9,5.277044854881266
1971-02-01,39.9,,,679.4,3.72,,13.3,7.23287,5.9,4.72440944881889
1971-03-01,40.0,,,682.0,3.71,,13.5,7.29756,6.0,4.438642297650138
1971-04-01,40.1,1156.271,,688.8,4.16,397305.0,13.2,7.45991,5.9,4.155844155844159
1971-05-01,40.3,,,691.1,4.63,,13.6,7.64201,5.9,4.404145077720196
1971-06-01,40.5,,,699.8,4.91,,14.7,7.73985,5.9,4.38144329896908
1971-07-01,40.6,1177.675,,698.9,5.31,412268.0,13.8,7.90086,6.0,4.370179948586126
1971-08-01,40.7,,,704.9,5.57,,13.6,8.04478,6.1,4.358974358974367
1971-09-01,40.8,,,713.0,5.55,,13.3,8.23075,6.0,4.0816326530612095
1971-10-01,40.9,1190.297,,715.8,5.2,424131.0,13.3,8.31358,5.8,3.807106598984772
1971-11-01,41.0,,,720.9,4.91,,13.1,8.30586,6.0,3.535353535353532
1971-12-01,41.1,,,728.4,4.14,,13.0,8.24533,6.0,3.266331658291468
1972-01-01,41.2,1230.609,207309.0,731.5,3.51,427344.0,12.5,8.09201,5.8,3.2581453634085324
1972-02-01,41.4,,,736.2,3.3,,12.8,8.09382,5.7,3.7593984962406015
1972-03-01,41.4,,,749.2,3.83,,11.8,8.2353,5.8,3.499999999999996
1972-04-01,41.5,1266.369,,752.5,4.17,426435.0,11.5,8.42795,5.7,3.491271820448874
1972-05-01,41.6,,,758.0,4.27,,11.7,8.57825,5.7,3.225806451612914
1972-06-01,41.7,,,761.6,4.46,,11.7,8.78571,5.7,2.96296296296297
1972-07-01,41.8,1290.566,,769.9,4.55,433946.0,11.7,8.95798,5.6,2.955665024630531
1972-08-01,41.9,,,776.3,4.81,,12.0,9.13316,5.6,2.9484029484029377
1972-09-01,42.1,,,781.1,4.87,,12.2,9.30774,5.5,3.1862745098039325
1972-10-01,42.2,1328.904,,794.9,5.05,448473.0,13.0,9.39008,5.6,3.1784841075794725
1972-11-01,42.4,,,800.5,5.06,,13.6,9.4018,5.3,3.4146341463414602
1972-12-01,42.5,,,806.1,5.33,,13.7,9.37924,5.2,3.406326034063257
1973-01-01,42.7,1377.49,230799.0,816.5,5.94,458606.0,12.4,9.38086,4.9,3.640776699029126
1973-02-01,43.0,,,825.8,6.58,,12.5,9.50571,5.0,3.8647342995169116
1973-03-01,43.4,,,832.8,7.09,,12.7,9.65566,4.9,4.830917874396135
1973-04-01,43.7,1413.887,,835.7,7.12,457317.0,13.2,9.82485,5.0,5.301204819277115
1973-05-01,43.9,,,841.6,7.84,,13.2,10.04368,4.9,5.528846153846147
1973-06-01,44.2,,,844.3,8.49,,13.6,10.34707,4.9,5.995203836930455
1973-07-01,44.2,1433.838,,854.1,10.4,460614.0,13.2,10.53074,4.8,5.741626794258387
1973-08-01,45.0,,,853.3,10.5,,13.9,10.80076,4.8,7.398568019093083
1973-09-01,45.2,,,869.2,10.78,,13.1,10.93355,4.8,7.363420427553448
1973-10-01,45.6,1476.289,,868.2,10.01,469073.0,14.4,11.1877,4.6,8.056872037914689
1973-11-01,45.9,,,876.9,10.03,,14.4,11.36228,4.8,8.254716981132077
1973-12-01,46.3,,,876.6,9.95,,14.8,11.34222,4.9,8.941176470588228
1974-01-01,46.8,1491.209,263224.0,884.5,9.65,473675.0,14.3,11.32678,5.1,9.60187353629975
1974-02-01,47.3,,,889.7,8.97,,14.2,11.32644,5.2,9.999999999999993
1974-03-01,47.8,,,901.4,9.35,,13.4,11.377,5.1,10.138248847926265
1974-04-01,48.1,1530.056,,910.8,10.51,474235.0,13.1,11.58243,5.1,10.06864988558352
1974-05-01,48.6,,,922.4,11.31,,12.8,11.95253,5.1,10.706150341685657
1974-06-01,49.0,,,928.0,11.93,,12.8,12.28955,5.4,10.859728506787324
1974-07-01,49.3,1560.026,,937.9,12.92,481466.0,12.8,12.65167,5.5,11.538461538461526
1974-08-01,49.9,,,954.8,12.01,,12.1,13.02668,5.5,10.888888888888886
1974-09-01,50.6,,,955.1,11.34,,12.9,13.25092,5.9,11.946902654867253
1974-10-01,51.0,1599.679,,959.2,10.06,492664.0,13.4,13.53065,6.0,11.842105263157892
1974-11-01,51.5,,,956.2,9.45,,13.8,13.57561,6.6,12.200435729847497
1974-12-01,51.9,,,961.8,8.53,,14.0,13.24126,7.2,12.095032397408211
1975-01-01,52.3,1616.116,279090.0,975.6,7.13,509659.0,13.2,13.27485,8.1,11.752136752136753
1975-02-01,52.6,,,989.4,6.24,,12.5,13.22156,8.1,11.20507399577168
1975-03-01,52.8,,,990.6,5.54,,12.7,13.17787,8.6,10.460251046025105
1975-04-01,53.0,1651.853,,995.0,5.49,533188.0,14.2,13.34263,8.8,10.187110187110184
1975-05-01,53.1,,,1018.9,5.22,,17.3,13.45392,9.0,9.25925925925926
1975-06-01,53.5,,,1026.8,5.55,,14.3,13.59096,8.8,9.183673469387756
1975-07-01,54.0,1709.82,,1039.8,6.1,553647.0,12.6,13.88567,8.6,9.533468559837734
1975-08-01,54.2,,,1047.0,6.14,,13.0,14.16755,8.4,8.617234468937884
1975-09-01,54.6,,,1054.8,6.24,,13.0,14.49056,8.4,7.905138339920949
1975-10-01,54.9,1761.831,,1060.9,5.82,576649.0,13.4,14.81104,8.4,7.6470588235294095
1975-11-01,55.3,,,1075.8,5.22,,12.7,14.70324,8.3,7.378640776699023
1975-12-01,55.6,,,1092.1,5.2,,12.0,14.49527,8.2,7.129094412331412
1976-01-01,55.8,1820.487,298060.0,1107.1,4.87,600490.0,11.7,14.43258,7.9,6.692160611854685
1976-02-01,55.9,,,1107.7,4.77,,12.3,14.35037,7.7,6.273764258555127
1976-03-01,56.0,,,1114.9,4.84,,12.2,14.3141,7.6,6.060606060606066
1976-04-01,56.1,1852.332,,1125.4,4.82,620432.0,11.7,14.59604,7.7,5.849056603773588
1976-05-01,56.4,,,1122.7,5.29,,12.3,14.8015,7.4,6.214689265536718
1976-06-01,56.7,,,1140.5,5.48,,11.4,15.08581,7.6,5.981308411214958
1976-07-01,57.0,1886.558,,1149.6,5.31,634701.0,11.7,15.5854,7.8,5.555555555555555
1976-08-01,57.3,,,1158.0,5.29,,11.7,15.90054,7.8,5.719557195571944
1976-09-01,57.6,,,1168.8,5.25,,11.4,16.35292,7.6,5.4945054945054945
1976-10-01,57.9,1934.273,,1176.8,5.02,653543.0,11.1,16.74719,7.7,5.46448087431694
1976-11-01,58.1,,,1189.0,4.95,,11.4,16.70557,7.8,5.063291139240515
1976-12-01,58.4,,,1211.5,4.65,,10.6,16.48905,7.8,5.035971223021578
1977-01-01,58.7,1988.648,355559.0,1215.0,4.61,669207.0,10.6,30.68363,7.5,5.197132616487465
1977-02-01,59.3,,,1231.3,4.68,,9.3,30.5339,7.6,6.082289803220033
1977-03-01,59.6,,,1238.3,4.69,,10.5,30.99794,7.4,6.428571428571431
1977-04-01,60.0,2055.909,,1247.3,4.73,674425.0,10.5,31.81766,7.2,6.951871657754008
1977-05-01,60.2,,,1257.1,5.35,,10.3,32.68531,7.0,6.737588652482278
1977-06-01,60.5,,,1263.6,5.39,,10.6,33.43002,7.2,6.7019400352733625
1977-07-01,60.8,2118.473,,1280.5,5.42,698840.0,10.5,33.96685,6.9,6.666666666666661
1977-08-01,61.1,,,1285.7,5.9,,10.9,34.6058,7.0,6.631762652705069
1977-09-01,61.3,,,1294.5,6.14,,11.1,35.37381,6.8,6.423611111111104
1977-10-01,61.6,2164.27,,1311.4,6.47,718943.0,11.0,36.47374,6.8,6.390328151986188
1977-11-01,62.0,,,1327.0,6.51,,11.2,36.97917,6.8,6.712564543889843
1977-12-01,62.3,,,1336.0,6.56,,11.4,37.41482,6.4,6.6780821917808195
1978-01-01,62.7,2202.76,399561.0,1329.5,6.7,737951.0,11.9,36.92459,6.4,6.814310051107325
1978-02-01,63.0,,,1355.1,6.78,,11.1,36.89421,6.3,6.239460370994946
1978-03-01,63.4,,,1377.5,6.79,,11.0,37.47917,6.3,6.375838926174492
1978-04-01,63.9,2331.633,,1396.4,6.89,749024.0,10.8,38.34303,6.1,6.499999999999997
1978-05-01,64.5,,,1412.0,7.36,,10.3,39.35116,6.0,7.142857142857138
1978-06-01,65.0,,,1425.8,7.6,,10.0,40.54699,5.9,7.43801652892562
1978-07-01,65.5,2395.053,,1426.8,7.81,771544.0,10.9,41.53508,6.2,7.730263157894742
1978-08-01,65.9,,,1447.0,8.04,,10.5,42.48186,5.9,7.855973813420629
1978-09-01,66.5,,,1452.9,8.45,,10.6,43.51036,6.0,8.48287112561175
1978-10-01,67.1,2476.949,,1466.9,8.96,789207.0,10.7,44.44507,5.8,8.928571428571416
1978-11-01,67.5,,,1480.6,9.76,,10.5,45.04068,5.9,8.870967741935484
1978-12-01,67.9,,,1496.5,10.03,,10.4,45.69095,6.0,8.988764044943833
1979-01-01,68.5,2526.61,463302.0,1502.4,10.07,796792.0,11.1,45.58799,5.9,9.25039872408293
1979-02-01,69.2,,,1517.8,10.06,,11.0,45.80713,5.9,9.841269841269845
1979-03-01,69.9,,,1531.2,10.09,,11.2,46.3697,5.8,10.25236593059938
1979-04-01,70.6,2591.247,,1538.4,10.01,804913.0,11.0,47.38997,5.8,10.48513302034428
1979-05-01,71.4,,,1558.8,10.24,,10.3,48.52036,5.6,10.69767441860466
1979-06-01,72.2,,,1575.7,10.29,,9.8,49.40527,5.7,11.076923076923082
1979-07-01,73.0,2667.565,,1586.1,10.47,826519.0,10.6,50.13061,5.7,11.450381679389313
1979-08-01,73.7,,,1615.6,10.94,,9.7,51.27147,6.0,11.836115326251893
1979-09-01,74.4,,,1633.9,11.43,,9.4,52.07621,5.9,11.879699248120309
1979-10-01,75.2,2723.883,,1641.6,13.77,845116.0,9.7,53.1807,6.0,12.071535022354709
1979-11-01,76.0,,,1657.3,13.18,,9.7,53.91502,5.9,12.592592592592592
1979-12-01,76.9,,,1666.3,13.78,,10.1,53.59643,6.0,13.25478645066274
1980-01-01,78.0,2789.842,517112.0,1697.3,13.82,863451.0,9.9,53.74977,6.3,13.86861313868613
1980-02-01,79.0,,,1701.4,14.13,,10.1,54.12913,6.3,14.161849710982654
1980-03-01,80.1,,,1708.2,17.19,,10.3,54.13908,6.3,14.592274678111568
1980-04-01,80.9,2797.352,,1695.2,17.61,877614.0,11.4,53.96004,6.9,14.58923512747877
1980-05-01,81.7,,,1700.1,10.98,,11.5,53.98282,7.5,14.425770308123246
1980-06-01,82.5,,,1718.8,9.47,,11.3,53.78412,7.6,14.265927977839329
1980-07-01,82.6,2856.483,,1747.1,9.03,907701.0,11.4,54.05161,7.8,13.150684931506843
1980-08-01,83.2,,,1763.8,9.61,,11.4,54.41411,7.7,12.890094979647218
1980-09-01,83.9,,,1780.5,10.87,,11.7,54.39128,7.5,12.768817204301076
1980-10-01,84.7,2985.557,,1817.1,12.81,930210.0,11.3,54.3573,7.5,12.632978723404257
1980-11-01,85.6,,,1826.8,15.85,,11.6,54.44586,7.5,12.631578947368412
1980-12-01,86.4,,,1851.7,18.9,,11.4,54.97005,7.2,12.35370611183355
1981-01-01,87.2,3124.206,599272.0,1870.0,19.08,964531.0,10.9,55.49118,7.5,11.7948717948718
1981-02-01,88.0,,,1884.2,15.93,,10.8,55.81135,7.4,11.39240506329114
1981-03-01,88.6,,,1902.9,14.7,,10.8,56.28222,7.4,10.611735330836455
1981-04-01,89.1,3162.532,,1904.4,15.72,971174.0,10.8,57.12532,7.2,10.13597033374535
1981-05-01,89.7,,,1913.8,18.52,,10.9,57.76716,7.5,9.791921664626683
1981-06-01,90.5,,,1934.5,19.1,,10.8,58.74201,7.5,9.696969696969697
1981-07-01,91.5,3260.609,,1942.1,19.04,997855.0,12.3,59.0447,7.2,10.774818401937052
1981-08-01,92.2,,,1966.6,17.82,,12.0,59.29919,7.4,10.817307692307692
1981-09-01,93.1,,,1965.5,15.87,,12.3,60.19475,7.6,10.965435041716315
1981-10-01,93.4,3280.818,,1963.9,15.08,1028729.0,12.9,60.62736,7.9,10.271546635183002
1981-11-01,93.8,,,1970.6,13.31,,13.0,60.75736,8.3,9.579439252336453
1981-12-01,94.1,,,1988.8,12.37,,12.4,60.928,8.5,8.912037037037024
1982-01-01,94.4,3274.302,617766.0,1997.1,13.22,1061299.0,12.6,61.1961,8.6,8.256880733944957
1982-02-01,94.7,,,2021.2,14.78,,12.0,61.46881,8.9,7.613636363636367
1982-03-01,94.7,,,2024.1,14.68,,12.1,61.62525,9.0,6.884875846501139
1982-04-01,95.0,3331.972,,2026.3,14.94,1079630.0,12.8,62.25483,9.3,6.621773288439963
1982-05-01,95.9,,,2044.5,14.45,,12.2,62.84921,9.4,6.911928651059089
1982-06-01,97.0,,,2048.1,14.15,,12.2,63.48542,9.6,7.18232044198895
1982-07-01,97.5,3366.322,,2072.2,12.59,1142035.0,12.5,64.34066,9.8,6.557377049180328
1982-08-01,97.7,,,2080.1,10.12,,12.5,64.80438,9.8,5.96529284164859
1982-09-01,97.7,,,2104.6,10.31,,11.7,65.14116,10.1,4.940923737916228
1982-10-01,98.1,3402.561,,2125.8,9.71,1197074.0,11.2,65.44613,10.4,5.032119914346882
1982-11-01,98.0,,,2149.3,9.2,,10.9,65.64031,10.8,4.477611940298511
1982-12-01,97.7,,,2161.6,8.95,,10.9,66.3483,10.8,3.825717321997884
1983-01-01,97.9,3473.413,600562.0,2174.0,8.68,1244493.0,11.1,66.72623,10.4,3.7076271186440675
1983-02-01,98.0,,,2177.0,8.51,,11.2,66.7562,10.4,3.4846884899683177
1983-03-01,98.1,,,2202.8,8.77,,10.7,67.54154,10.3,3.590285110876443
1983-04-01,98.8,3578.848,,2226.4,8.8,1319581.0,10.3,68.40334,10.2,3.9999999999999973
1983-05-01,99.2,,,2245.9,8.63,,9.9,68.88553,10.1,3.44108446298227
1983-06-01,99.4,,,2276.0,8.98,,9.2,70.2808,10.1,2.474226804123717
1983-07-01,99.8,3689.179,,2304.4,9.37,1377211.0,9.7,71.54034,9.4,2.358974358974356
1983-08-01,100.1,,,2320.4,9.56,,9.2,72.56593,9.5,2.4564994882292646
1983-09-01,100.4,,,2334.9,9.45,,9.6,73.56389,9.2,2.7635619242579352
1983-10-01,100.8,3794.706,,2357.6,9.48,1410702.0,9.7,75.12216,8.8,2.7522935779816544
1983-11-01,101.1,,,2366.3,9.34,,10.3,76.78694,8.5,3.1632653061224434
1983-12-01,101.4,,,2393.6,9.47,,10.1,79.02725,8.3,3.7871033776867993
1984-01-01,102.1,3908.054,666438.0,2419.4,9.56,1463741.0,9.9,79.11394,8.0,4.290091930541357
1984-02-01,102.6,,,2403.5,9.59,,11.6,80.70449,7.8,4.693877551020402
1984-03-01,102.9,,,2431.6,9.91,,11.4,83.05709,7.8,4.892966360856281
1984-04-01,103.3,4009.601,,2457.5,10.29,1512697.0,11.4,84.32707,7.7,4.554655870445344
1984-05-01,103.5,,,2474.5,10.32,,11.0,87.09005,7.4,4.334677419354835
1984-06-01,103.7,,,2495.6,11.06,,11.0,89.41895,7.2,4.325955734406436
1984-07-01,104.1,4084.25,,2494.6,11.23,1572267.0,11.4,90.38567,7.5,4.308617234468935
1984-08-01,104.4,,,2512.2,11.64,,11.7,92.43169,7.5,4.295704295704307
1984-09-01,104.7,,,2533.8,11.3,,11.7,94.47191,7.3,4.282868525896411
1984-10-01,105.1,4148.551,,2531.3,9.99,1662966.0,11.6,96.23311,7.4,4.265873015873013
1984-11-01,105.3,,,2571.4,9.43,,10.7,98.1359,7.2,4.1543026706231485
1984-12-01,105.5,,,2582.6,8.38,,11.1,100.38563,7.3,4.043392504930961
1985-01-01,105.7,4230.168,734037.0,2618.8,8.35,1710731.0,10.2,102.84183,7.3,3.5259549461312525
1985-02-01,106.3,,,2640.8,8.5,,8.9,105.34046,7.2,3.606237816764136
1985-03-01,106.8,,,2648.5,8.58,,8.6,107.95035,7.2,3.7900874635568425
1985-04-01,107.0,4294.887,,2659.5,8.27,1774640.0,9.8,110.06839,7.3,3.5818005808325295
1985-05-01,107.2,,,2696.4,7.97,,11.0,111.15629,7.2,3.5748792270531426
1985-06-01,107.5,,,2689.4,7.53,,9.6,112.39548,7.4,3.6644165863066505
1985-07-01,107.7,4386.773,,2715.7,7.88,1823103.0,9.1,114.13431,7.4,3.4582132564841586
1985-08-01,107.9,,,2752.1,7.9,,8.1,115.9937,7.1,3.3524904214559386
1985-09-01,108.1,,,2794.7,7.92,,7.3,118.33614,7.1,3.2473734479465053
1985-10-01,108.5,4444.094,,2755.8,7.99,1945942.0,9.1,120.23606,7.1,3.2350142721217945
1985-11-01,109.0,,,2771.1,8.05,,9.0,122.54642,7.0,3.5137701804368495
1985-12-01,109.5,,,2811.3,8.27,,8.6,124.4658,7.0,3.7914691943127963
1986-01-01,109.9,4507.894,769155.0,2827.1,8.14,1986816.0,8.7,127.08832,6.7,3.9735099337748365
1986-02-01,109.7,,,2820.2,7.86,,9.3,128.79756,7.2,3.1984948259642576
1986-03-01,109.1,,,2823.6,7.48,,9.9,130.17799,7.2,2.1535580524344544
1986-04-01,108.7,4545.34,,2835.2,6.99,2059349.0,9.7,132.04035,7.1,1.5887850467289748
1986-05-01,109.0,,,2857.5,6.85,,9.3,133.59911,7.2,1.6791044776119375
1986-06-01,109.4,,,2861.7,6.92,,9.4,134.40945,7.2,1.7674418604651216
1986-07-01,109.5,4607.669,,2881.2,6.56,2125304.0,9.3,135.66107,7.0,1.6713091922005545
1986-08-01,109.6,,,2898.6,6.17,,8.9,136.85857,6.9,1.5755329008340953
1986-09-01,110.0,,,2971.8,5.89,,7.1,137.24737,7.0,1.7576318223866843
1986-10-01,110.2,4657.627,,2932.9,5.85,2214835.0,8.3,138.90654,7.0,1.5668202764976984
1986-11-01,110.4,,,2928.4,6.04,,8.6,139.96312,6.9,1.2844036697247758
1986-12-01,110.8,,,2997.1,6.91,,6.8,141.06815,6.6,1.1872146118721436
1987-01-01,111.4,4722.156,854287.0,2935.5,6.43,2246724.0,9.4,141.10787,6.6,1.364877161055505
1987-02-01,111.8,,,3001.7,6.1,,8.2,142.42395,6.6,1.9143117593436592
1987-03-01,112.2,,,3013.3,6.13,,8.1,143.10173,6.6,2.841429880843271
1987-04-01,112.7,4806.16,,3038.8,6.37,2309296.0,4.1,145.49185,6.3,3.6798528058877644
1987-05-01,113.0,,,3048.4,6.85,,7.8,147.3065,6.3,3.669724770642202
1987-06-01,113.5,,,3072.8,6.73,,7.3,149.83379,6.2,3.7477148080438707
1987-07-01,113.8,4884.555,,3094.7,6.58,2350277.0,7.1,152.39741,6.1,3.9269406392694037
1987-08-01,114.3,,,3130.8,6.73,,6.8,153.8712,6.0,4.288321167883215
1987-09-01,114.7,,,3126.5,7.22,,7.2,156.46089,5.9,4.272727272727275
1987-10-01,115.0,5007.994,,3134.5,7.29,2431715.0,7.9,158.07433,6.0,4.355716878402901
1987-11-01,115.4,,,3144.2,6.69,,8.2,158.01895,5.8,4.528985507246377
1987-12-01,115.6,,,3174.1,6.77,,8.4,160.85391,5.7,4.332129963898915
1988-01-01,116.0,5073.372,909238.0,3213.7,6.83,2487551.0,7.9,164.6819,5.7,4.129263913824052
1988-02-01,116.2,,,3221.4,6.58,,8.4,165.95733,5.7,3.9355992844364986
1988-03-01,116.5,,,3260.5,6.58,,8.0,167.5259,5.7,3.8324420677361823
1988-04-01,117.2,5190.036,,3263.0,6.87,2547656.0,8.7,169.09073,5.4,3.9929015084294583
1988-05-01,117.5,,,3293.6,7.09,,8.3,170.74958,5.6,3.982300884955752
1988-06-01,118.0,,,3318.5,7.51,,8.4,172.96318,5.4,3.9647577092511015
1988-07-01,118.5,5282.835,,3342.7,7.75,2602183.0,8.6,174.01927,5.4,4.1300527240773315
1988-08-01,119.0,,,3368.0,8.01,,8.4,175.86892,5.6,4.111986001749783
1988-09-01,119.5,,,3375.0,8.19,,8.8,177.48012,5.4,4.184829991281601
1988-10-01,119.9,5399.509,,3413.7,8.3,2684392.0,8.6,179.83214,5.4,4.260869565217396
1988-11-01,120.3,,,3430.2,8.35,,8.4,183.01111,5.3,4.2461005199306685
1988-12-01,120.7,,,3459.7,8.76,,8.3,184.59312,5.3,4.411764705882361
1989-01-01,121.2,5511.253,991104.0,3483.7,9.12,2740898.0,8.5,185.72307,5.4,4.4827586206896575
1989-02-01,121.6,,,3488.0,9.36,,8.9,187.6148,5.2,4.647160068846809
1989-03-01,122.2,,,3498.8,9.85,,9.4,190.92409,5.0,4.892703862660946
1989-04-01,123.1,5612.463,,3543.0,9.84,2799923.0,8.3,193.14159,5.2,5.034129692832757
1989-05-01,123.7,,,3551.8,9.81,,8.0,195.15598,5.2,5.276595744680853
1989-06-01,124.1,,,3566.6,9.53,,8.1,197.68395,5.3,5.169491525423724
1989-07-01,124.5,5695.365,,3585.7,9.24,2857431.0,8.1,199.52882,5.2,5.063291139240507
1989-08-01,124.5,,,3620.6,8.99,,7.5,201.86261,5.2,4.621848739495799
1989-09-01,124.8,,,3621.9,9.02,,7.9,203.17698,5.3,4.4351464435146415
1989-10-01,125.4,5747.237,,3633.6,8.84,2952994.0,8.4,204.92586,5.3,4.587155963302751
1989-11-01,125.9,,,3643.3,8.55,,8.5,207.6253,5.4,4.655029093931844
1989-12-01,126.3,,,3684.2,8.45,,7.7,211.22983,5.4,4.639602319801155
1990-01-01,127.5,5872.701,1031960.0,3730.7,8.23,3051958.0,7.9,213.64744,5.4,5.1980198019801955
1990-02-01,128.0,,,3728.2,8.24,,8.5,216.50457,5.3,5.263157894736848
1990-03-01,128.6,,,3754.9,8.28,,8.3,217.58937,5.2,5.23731587561374
1990-04-01,128.9,5960.028,,3770.0,8.26,3143754.0,8.7,219.76962,5.4,4.71161657189278
1990-05-01,129.1,,,3775.8,8.18,,8.7,223.27619,5.4,4.365400161681481
1990-06-01,129.9,,,3804.5,8.29,,8.6,225.66482,5.2,4.67365028203063
1990-07-01,130.5,6015.116,,3821.7,8.15,3233313.0,8.7,229.58626,5.5,4.819277108433735
1990-08-01,131.6,,,3848.3,8.13,,8.1,232.41491,5.7,5.702811244979915
1990-09-01,132.5,,,3870.1,8.2,,8.1,234.72503,5.9,6.169871794871797
1990-10-01,133.4,6004.733,,3870.6,8.11,3364820.0,7.9,236.17064,5.9,6.379585326953747
1990-11-01,133.7,,,3871.9,7.81,,8.0,239.29412,6.2,6.195393169181877
1990-12-01,134.2,,,3861.3,7.31,,8.8,238.64262,6.3,6.254948535233565
1991-01-01,134.7,6035.178,1054990.0,3841.0,6.91,3465189.0,9.4,238.71484,6.4,5.647058823529403
1991-02-01,134.8,,,3866.7,6.25,,9.0,242.28812,6.6,5.312500000000009
1991-03-01,134.8,,,3913.0,6.12,,8.1,246.84076,6.8,4.821150855365488
1991-04-01,135.1,6126.862,,3907.1,5.91,3537988.0,8.7,248.74389,6.7,4.809930178432885
1991-05-01,135.6,,,3933.2,5.78,,8.5,250.93103,6.9,5.034856700232378
1991-06-01,136.0,,,3940.5,5.9,,9.0,252.24644,6.9,4.69591993841416
1991-07-01,136.2,6205.937,,3966.0,5.82,3665303.0,8.4,253.72026,6.8,4.3678160919540145
1991-08-01,136.6,,,3969.1,5.66,,8.7,255.89274,6.9,3.7993920972644375
1991-09-01,137.0,,,3984.7,5.45,,8.9,258.81222,6.9,3.3962264150943398
1991-10-01,137.2,6264.54,,3976.0,5.21,3801698.0,9.4,261.34824,7.0,2.8485757121439153
1991-11-01,137.8,,,4003.6,4.81,,9.1,262.77728,7.0,3.0665669409125083
1991-12-01,138.2,,,4020.5,4.43,,9.8,263.76855,7.3,2.980625931445604
1992-01-01,138.3,6363.102,1091210.0,4084.7,4.03,3881288.0,9.5,265.38649,7.3,2.6726057906458967
1992-02-01,138.6,,,4099.5,4.06,,9.8,266.48213,7.4,2.8189910979228356
1992-03-01,139.1,,,4117.0,3.98,,9.7,266.7557,7.4,3.189910979228474
1992-04-01,139.4,6470.763,,4131.5,3.73,3984656.0,9.8,267.82923,7.4,3.1828275351591504
1992-05-01,139.7,,,4158.4,3.82,,9.8,268.7518,7.6,3.023598820058993
1992-06-01,140.1,,,4177.1,3.76,,10.0,270.70763,7.8,3.014705882352937
1992-07-01,140.5,6566.641,,4204.8,3.25,4064621.0,9.5,270.81759,7.7,3.1571218795888485
1992-08-01,140.8,,,4220.9,3.3,,9.6,272.0805,7.6,3.0746705710102615
1992-09-01,141.1,,,4255.3,3.22,,8.6,273.17696,7.6,2.992700729927003
1992-10-01,141.7,6680.803,,4284.7,3.1,4177009.0,7.9,275.20764,7.3,3.279883381924199
1992-11-01,142.1,,,4300.5,3.09,,7.9,275.45975,7.4,3.1204644412191453
1992-12-01,142.3,,,4336.4,2.92,,10.5,278.44967,7.4,2.9667149059334466
1993-01-01,142.8,6729.459,1154330.0,4340.7,3.02,4230580.0,8.5,280.99481,7.3,3.2537960954446854
1993-02-01,143.1,,,4355.3,3.03,,8.8,283.53125,7.1,3.246753246753247
1993-03-01,143.3,,,4352.5,3.07,,8.8,284.89041,7.0,3.0194104960460226
1993-04-01,143.8,6808.939,,4393.4,2.96,4351950.0,8.7,286.97613,7.1,3.1563845050215247
1993-05-01,144.2,,,4422.4,3.0,,8.2,288.47063,7.1,3.2211882605583395
1993-06-01,144.3,,,4440.0,3.04,,7.7,289.96125,7.0,2.997858672376886
1993-07-01,144.5,6882.098,,4468.9,3.06,4411489.0,7.5,294.23201,6.9,2.8469750889679712
1993-08-01,144.8,,,4481.1,3.03,,7.6,296.26417,6.8,2.840909090909091
1993-09-01,145.0,,,4511.5,3.09,,6.8,299.44798,6.7,2.7639971651311166
1993-10-01,145.6,7013.738,,4532.8,2.99,4535687.0,6.2,301.65409,6.8,2.7522935779816557
1993-11-01,146.0,,,4554.1,3.02,,6.2,306.56401,6.6,2.744546094299793
1993-12-01,146.3,,,4571.1,2.96,,9.0,309.90802,6.5,2.8109627547434997
1994-01-01,146.3,7115.652,1258570.0,4585.1,3.05,4575869.0,7.0,312.52167,6.6,2.450980392156863
1994-02-01,146.7,,,4632.6,3.25,,6.4,315.41372,6.6,2.5157232704402475
1994-03-01,147.1,,,4646.0,3.34,,6.7,319.77737,6.5,2.6517794836008255
1994-04-01,147.2,7246.931,,4671.1,3.56,4645802.0,6.3,325.01574,6.4,2.364394993045881
1994-05-01,147.5,,,4669.5,4.01,,7.5,329.09763,6.1,2.2884882108183158
1994-06-01,147.9,,,4708.9,4.25,,6.8,334.8528,6.1,2.494802494802491
1994-07-01,148.4,7331.075,,4720.6,4.26,4692750.0,6.9,339.94548,6.1,2.698961937716267
1994-08-01,149.0,,,4762.6,4.47,,6.4,347.6707,6.0,2.9005524861878373
1994-09-01,149.3,,,4775.0,4.73,,6.7,350.08391,5.9,2.965517241379318
1994-10-01,149.4,7455.288,,4812.9,4.76,4800150.0,7.0,352.77903,5.8,2.609890109890118
1994-11-01,149.8,,,4825.6,5.29,,6.9,362.59272,5.6,2.602739726027405
1994-12-01,150.1,,,4841.6,5.45,,7.0,365.56956,5.5,2.5974025974025854
1995-01-01,150.5,7522.289,1351790.0,4851.2,5.53,4864116.0,7.3,372.00317,5.6,2.8708133971291785
1995-02-01,150.9,,,4850.8,5.92,,7.7,378.10338,5.4,2.8629856850715862
1995-03-01,151.2,,,4885.4,5.98,,7.4,385.55992,5.4,2.787219578518011
1995-04-01,151.8,7580.997,,4890.2,6.05,4951372.0,6.8,389.74358,5.8,3.125000000000016
1995-05-01,152.1,,,4933.1,6.01,,7.0,398.16397,5.6,3.1186440677966063
1995-06-01,152.4,,,4977.5,6.0,,6.5,406.08743,5.6,3.0425963488843815
1995-07-01,152.6,7683.125,,4970.2,5.85,4973983.0,6.9,409.14129,5.7,2.8301886792452753
1995-08-01,152.9,,,5005.3,5.74,,6.6,417.56574,5.7,2.617449664429534
1995-09-01,153.1,,,5020.5,5.8,,6.6,429.03215,5.6,2.545210984594764
1995-10-01,153.5,7772.586,,5013.9,5.76,4988665.0,7.0,433.45042,5.5,2.7443105756358728
1995-11-01,153.7,,,5055.6,5.8,,6.4,436.74016,5.6,2.6034712950600647
1995-12-01,153.9,,,5097.5,5.6,,6.0,443.92009,5.6,2.531645569620261
1996-01-01,154.7,7868.468,1453050.0,5085.7,5.56,5117786.0,6.5,449.99468,5.6,2.790697674418597
1996-02-01,155.0,,,5132.8,5.22,,6.6,455.59738,5.5,2.7170311464546018
1996-03-01,155.5,,,5173.3,5.31,,6.4,461.59195,5.5,2.8439153439153517
1996-04-01,156.1,8032.84,,5208.0,5.22,5161076.0,5.5,465.78159,5.6,2.832674571804995
1996-05-01,156.4,,,5223.8,5.24,,6.5,470.65979,5.6,2.827087442472066
1996-06-01,156.7,,,5229.8,5.27,,6.9,474.26236,5.3,2.821522309711275
1996-07-01,157.0,8131.408,,5251.9,5.4,5224811.0,6.5,479.26701,5.5,2.8833551769331627
1996-08-01,157.2,,,5275.0,5.22,,6.4,483.29311,5.1,2.8122956180510026
1996-09-01,157.7,,,5296.6,5.3,,6.4,486.28481,5.2,3.004572175048984
1996-10-01,158.2,8259.771,,5328.5,5.24,5323172.0,6.1,490.44162,5.2,3.0618892508143247
1996-11-01,158.7,,,5351.2,5.31,,6.2,497.51148,5.4,3.253090435914119
1996-12-01,159.1,,,5378.6,5.29,,6.1,507.51657,5.4,3.3788174139051255
1997-01-01,159.4,8362.655,1579230.0,5411.1,5.25,5380890.0,5.9,510.47026,5.3,3.0381383322559907
1997-02-01,159.7,,,5434.0,5.19,,6.0,511.71355,5.2,3.032258064516122
1997-03-01,159.8,,,5454.2,5.39,,6.1,511.95609,5.2,2.7652733118971136
1997-04-01,159.9,8518.825,,5459.3,5.51,5376151.0,6.2,511.86457,5.1,2.434336963484953
1997-05-01,159.9,,,5460.2,5.5,,6.5,514.48111,4.9,2.237851662404092
1997-06-01,160.2,,,5494.2,5.56,,6.3,515.56618,5.0,2.2335673261008298
1997-07-01,160.4,8662.823,,5548.8,5.52,5413146.0,5.8,520.89635,4.9,2.165605095541405
1997-08-01,160.8,,,5587.0,5.54,,5.7,524.44478,4.8,2.290076335877877
1997-09-01,161.2,,,5601.7,5.54,,5.9,528.7224,4.9,2.219403931515536
1997-10-01,161.5,8765.907,,5637.7,5.5,5502388.0,5.9,532.04428,4.7,2.085967130214925
1997-11-01,161.7,,,5661.1,5.52,,6.1,534.8078,4.6,1.890359168241966
1997-12-01,161.8,,,5692.1,5.5,,6.1,540.00556,4.7,1.6970458830924056
1998-01-01,162.0,8866.48,1721730.0,5689.9,5.56,5542426.0,7.0,537.94246,4.6,1.6311166875784155
1998-02-01,162.0,,,5723.8,5.51,,7.0,538.89429,4.6,1.440200375704453
1998-03-01,162.0,,,5750.3,5.49,,7.1,541.44751,4.7,1.3767209011264008
1998-04-01,162.2,8969.699,,5788.1,5.45,5547935.0,6.9,560.90683,4.3,1.4383989993745985
1998-05-01,162.6,,,5837.9,5.49,,6.6,559.83413,4.4,1.6885553470919252
1998-06-01,162.8,,,5871.7,5.56,,6.5,561.55045,4.5,1.6229712858926486
1998-07-01,163.2,9121.097,,5890.0,5.54,5526193.0,6.6,560.55394,4.5,1.7456359102244283
1998-08-01,163.4,,,5925.0,5.55,,6.5,564.42041,4.5,1.6169154228855687
1998-09-01,163.5,,,5965.6,5.51,,6.1,568.61569,4.6,1.4267990074441759
1998-10-01,163.9,9293.991,,5998.8,5.07,5614217.0,5.9,572.28934,4.5,1.486068111455112
1998-11-01,164.1,,,6015.4,4.83,,6.0,571.20779,4.4,1.4842300556586308
1998-12-01,164.4,,,6070.5,4.68,,5.5,581.41478,4.4,1.6069221260815787
1999-01-01,164.7,9411.682,1827450.0,6073.9,4.63,5651615.0,6.1,585.17701,4.3,1.6666666666666596
1999-02-01,164.7,,,6099.2,4.76,,6.0,585.45404,4.4,1.6666666666666596
1999-03-01,164.8,,,6133.0,4.81,,5.6,585.15722,4.2,1.7283950617284023
1999-04-01,165.9,9526.21,,6199.5,4.74,5638780.0,4.7,585.73442,4.3,2.2811344019728836
1999-05-01,166.0,,,6232.1,4.74,,4.4,588.37769,4.2,2.0910209102091057
1999-06-01,166.0,,,6260.3,4.76,,4.3,594.61074,4.3,1.9656019656019585
1999-07-01,166.7,9686.626,,6287.6,4.99,5656271.0,4.4,600.99538,4.3,2.144607843137255
1999-08-01,167.1,,,6331.9,5.07,,4.3,603.52893,4.2,2.2643818849449135
1999-09-01,167.8,,,6386.5,5.22,,3.7,606.88656,4.2,2.629969418960252
1999-10-01,168.1,9900.169,,6411.4,5.2,5776091.0,4.0,608.14154,4.1,2.5625381330079247
1999-11-01,168.4,,,6448.7,5.42,,4.1,610.10183,4.1,2.6203534430225544
1999-12-01,168.8,,,6541.0,5.3,,3.7,610.69647,4.0,2.6763990267639937
2000-01-01,169.3,10002.179,2025190.0,6542.9,5.45,5773392.0,4.5,614.84655,4.0,2.792956891317561
2000-02-01,170.0,,,6625.3,5.73,,4.0,617.33256,4.1,3.217972070431094
2000-03-01,171.0,,,6686.5,5.85,,3.8,622.51097,4.0,3.76213592233009
2000-04-01,170.9,10247.72,,6679.1,6.02,5685938.0,4.3,625.73594,3.8,3.013863773357444
2000-05-01,171.2,,,6709.7,6.27,,4.3,631.85715,4.0,3.132530120481921
2000-06-01,172.2,,,6746.9,6.53,,4.3,639.15855,4.0,3.7349397590361377
2000-07-01,172.7,10318.165,,6768.5,6.54,5674179.0,4.7,646.92701,4.0,3.5992801439712063
2000-08-01,172.7,,,6802.8,6.5,,4.8,656.02189,4.1,3.3512866546977826
2000-09-01,173.6,,,6888.6,6.52,,4.1,661.99681,3.9,3.4564958283670935
2000-10-01,173.9,10435.744,,6893.8,6.51,5662216.0,4.3,667.94815,3.9,3.4503271861986984
2000-11-01,174.2,,,6909.8,6.51,,4.3,673.99474,3.9,3.444180522565311
2000-12-01,174.6,,,6952.2,6.4,,4.1,682.64637,3.9,3.4360189573459614
2001-01-01,175.6,10470.231,1991080.0,6987.4,5.98,5773740.0,4.5,686.7615,4.2,3.7212049616066047
2001-02-01,176.0,,,7001.8,5.49,,4.6,697.98251,4.2,3.5294117647058822
2001-03-01,176.1,,,6996.7,5.31,,4.9,702.56077,4.3,2.982456140350874
2001-04-01,176.4,10599.0,,7004.2,4.8,5726815.0,4.8,707.44702,4.4,3.218256290228204
2001-05-01,177.3,,,7052.8,4.21,,4.3,709.59051,4.3,3.5630841121495465
2001-06-01,177.7,,,7069.7,3.97,,4.2,712.00255,4.5,3.1939605110336817
2001-07-01,177.4,10598.02,,7082.3,3.77,5807464.0,5.4,707.89002,4.6,2.7214823393167444
2001-08-01,177.4,,,7121.7,3.65,,6.5,706.69134,4.9,2.7214823393167444
2001-09-01,178.1,,,7007.0,3.07,,6.9,707.26263,5.0,2.5921658986175116
2001-10-01,177.6,10660.465,,7212.9,2.49,5943439.0,2.9,705.40852,5.3,2.1276595744680784
2001-11-01,177.5,,,7182.3,2.09,,3.4,712.65874,5.5,1.8943742824339904
2001-12-01,177.4,,,7166.7,1.82,,3.7,714.84073,5.7,1.603665521191301
2002-01-01,177.7,10783.5,1853140.0,7184.6,1.73,6006032.0,5.6,714.7815,5.7,1.195899772209564
2002-02-01,178.0,,,7225.2,1.74,,5.4,714.8221,5.7,1.1363636363636365
2002-03-01,178.5,,,7243.4,1.73,,5.5,719.95604,5.7,1.3628620102214684
2002-04-01,179.3,10887.46,,7312.5,1.75,6126469.0,5.4,725.2277,5.9,1.6439909297052187
2002-05-01,179.5,,,7288.9,1.75,,6.1,728.3641,5.8,1.240834743372808
2002-06-01,179.6,,,7322.5,1.75,,6.1,732.81338,5.8,1.0692177827799696
2002-07-01,180.0,10984.04,,7387.3,1.73,6228236.0,5.3,736.26446,5.8,1.4656144306651604
2002-08-01,180.5,,,7412.6,1.74,,5.2,740.48945,5.7,1.74746335963923
2002-09-01,180.8,,,7391.5,1.75,,5.8,743.32636,5.7,1.5160022459292628
2002-10-01,181.2,11061.433,,7435.2,1.75,6405707.0,5.6,747.93958,5.7,2.027027027027024
2002-11-01,181.5,,,7463.8,1.34,,5.6,749.90622,5.9,2.2535211267605635
2002-12-01,181.8,,,7519.9,1.24,,5.3,750.94745,6.0,2.480270574971818
2003-01-01,182.6,11174.129,1782310.0,7541.3,1.24,6460776.0,5.3,754.7894,5.8,2.7574563871693902
2003-02-01,183.6,,,7548.6,1.26,,5.2,758.60134,5.9,3.1460674157303337
2003-03-01,183.9,,,7611.5,1.25,,4.9,759.65521,5.9,3.0252100840336165
2003-04-01,183.2,11312.766,,7634.5,1.26,6670121.0,5.0,760.75243,6.0,2.1751254880089106
2003-05-01,182.9,,,7650.3,1.26,,5.3,763.70474,6.1,1.8941504178273012
2003-06-01,183.1,,,7699.6,1.22,,5.1,763.81488,6.3,1.9487750556792873
2003-07-01,183.7,11566.669,,7757.0,1.01,6783320.0,5.9,764.38866,6.2,2.055555555555549
2003-08-01,184.5,,,7852.1,1.03,,5.7,766.3244,6.1,2.21606648199446
2003-09-01,185.1,,,7853.7,1.01,,4.9,766.04192,6.1,2.378318584070787
2003-10-01,184.9,11772.234,,7867.4,1.01,6997964.0,5.0,765.53519,6.0,2.0419426048565215
2003-11-01,185.0,,,7922.6,1.0,,5.0,765.00792,5.8,1.9283746556473829
2003-12-01,185.5,,,7950.4,0.98,,5.0,768.25831,5.7,2.0352035203520287
2004-01-01,186.3,11923.447,1880110.0,8007.1,1.0,7131068.0,4.6,770.6725,5.7,2.0262869660460114
2004-02-01,186.7,,,8040.4,1.01,,4.6,772.36227,5.6,1.6884531590413914
2004-03-01,187.1,,,8098.8,1.0,,4.5,778.09248,5.8,1.740076128330608
2004-04-01,187.4,12112.815,,8107.2,1.0,7274335.0,4.9,775.55479,5.6,2.2925764192139835
2004-05-01,188.2,,,8176.5,1.0,,4.8,778.08865,5.6,2.897758337889548
2004-06-01,188.9,,,8157.6,1.03,,5.4,779.73122,5.6,3.1676679410158446
2004-07-01,189.1,12305.307,,8236.9,1.26,7379053.0,4.7,786.08714,5.5,2.9395753946652183
2004-08-01,189.2,,,8271.6,1.43,,4.7,787.01166,5.4,2.5474254742547364
2004-09-01,189.8,,,8341.5,1.61,,4.1,793.63581,5.4,2.539168017287962
2004-10-01,190.8,12527.214,,8397.1,1.76,7596143.0,3.9,796.69649,5.5,3.190914007571663
2004-11-01,191.7,,,8444.5,1.93,,3.4,797.18497,5.4,3.6216216216216153
2004-12-01,191.7,,,8504.4,2.16,,6.2,799.55218,5.4,3.3423180592991852
2005-01-01,191.6,12767.286,2153610.0,8497.7,2.28,7776939.0,2.7,804.63576,5.3,2.844873859366604
2005-02-01,192.4,,,8559.1,2.5,,2.3,804.10729,5.4,3.0530262453133465
2005-03-01,193.1,,,8598.4,2.63,,2.5,804.63997,5.2,3.2068412613575634
2005-04-01,193.7,12922.656,,8678.4,2.79,7836496.0,2.1,810.55839,5.2,3.361792956243321
2005-05-01,193.6,,,8671.6,3.0,,2.6,809.21155,5.1,2.8692879914984095
2005-06-01,193.7,,,8753.4,3.04,,2.0,814.18165,5.0,2.541026998411849
2005-07-01,194.9,13142.642,,8853.8,3.26,7932710.0,1.4,814.90846,5.0,3.067160232681127
2005-08-01,196.1,,,8850.1,3.5,,2.0,817.84241,4.9,3.6469344608879526
2005-09-01,198.8,,,8900.4,3.62,,2.0,819.65175,5.0,4.7418335089567965
2005-10-01,199.1,13324.204,,8938.5,3.78,8170413.0,2.3,821.08267,5.0,4.350104821802925
2005-11-01,198.1,,,8946.2,4.0,,2.6,825.87808,5.0,3.3385498174230603
2005-12-01,198.1,,,8981.1,4.16,,2.5,829.51836,4.9,3.3385498174230603
2006-01-01,199.3,13599.16,2406870.0,9071.6,4.29,8371156.0,3.0,879.57712,4.7,4.018789144050113
2006-02-01,199.4,,,9096.0,4.49,,3.2,885.28973,4.8,3.6382536382536386
2006-03-01,199.7,,,9132.9,4.59,,3.3,888.24358,4.7,3.4179181771103027
2006-04-01,200.7,13753.424,,9191.6,4.79,8420042.0,3.1,893.52692,4.7,3.6138358286009296
2006-05-01,201.3,,,9231.8,4.94,,2.9,899.47133,4.6,3.9772727272727364
2006-06-01,201.8,,,9259.6,4.99,,2.9,897.48331,4.6,4.181724315952516
2006-07-01,202.9,13870.188,,9343.8,5.24,8506974.0,2.3,898.67663,4.7,4.104669061056952
2006-08-01,203.8,,,9342.2,5.25,,2.5,903.92428,4.7,3.926568077511482
2006-09-01,202.8,,,9375.4,5.25,,2.4,907.81435,4.5,2.0120724346076457
2006-10-01,201.9,14039.56,,9393.6,5.25,8680224.0,2.4,911.61451,4.4,1.4063284781516883
2006-11-01,202.0,,,9400.2,5.25,,2.7,917.34618,4.5,1.9687026754164592
2006-12-01,203.1,,,9488.3,5.24,,2.6,923.87678,4.4,2.523977788995457
2007-01-01,203.437,14215.651,2567980.0,9538.7,5.25,8849665.0,2.4,927.62946,4.6,2.075765178123432
2007-02-01,204.226,,,9566.0,5.26,,2.8,933.3558,4.5,2.4202607823470377
2007-03-01,205.288,,,9611.7,5.26,,3.0,938.46358,4.4,2.798197295943927
2007-04-01,205.904,14402.082,,9643.6,5.25,8867677.0,3.0,941.38651,4.5,2.5929247633283548
2007-05-01,206.755,,,9685.8,5.25,,2.8,950.62604,4.4,2.70988574267262
2007-06-01,207.234,,,9706.8,5.25,,2.7,953.92509,4.6,2.6927651139742306
2007-07-01,207.603,14564.117,,9751.1,5.26,9007653.0,2.6,958.32231,4.7,2.317890586495812
2007-08-01,207.667,,,9798.9,5.02,,2.2,968.22562,4.6,1.897448478900878
2007-09-01,208.547,,,9845.1,4.94,,2.3,975.49977,4.7,2.833826429980269
2007-10-01,209.19,14715.058,,9882.7,4.76,9229172.0,2.2,982.85285,4.7,3.610698365527485
2007-11-01,210.834,,,9955.9,4.49,,1.9,994.56528,4.7,4.373267326732675
2007-12-01,211.445,,,9972.8,4.24,,2.4,1001.6253,5.0,4.108813392417527
2008-01-01,212.174,14706.538,2523990.0,9996.4,3.94,9437594.0,2.6,1008.03446,5.0,4.29469565516597
2008-02-01,212.687,,,9981.7,2.98,,3.0,1014.94446,4.9,4.142959270611976
2008-03-01,213.448,,,10035.3,2.61,,2.9,1016.772,5.1,3.974903550134443
2008-04-01,213.942,14865.701,,10070.3,2.28,9492006.0,2.4,1018.53196,5.0,3.903760975988816
2008-05-01,215.208,,,10132.3,1.98,,6.8,1019.63696,5.4,4.088413823123989
2008-06-01,217.463,,,10187.1,2.0,,4.6,1019.32207,5.6,4.935966105947858
2008-07-01,219.016,14898.999,,10185.1,2.01,10024725.0,3.6,1018.3639,5.8,5.497512078341826
2008-08-01,218.69,,,10175.7,2.0,,3.1,1017.43052,6.1,5.308017162091231
2008-09-01,218.877,,,10116.4,1.81,,3.9,1012.56094,6.1,4.953319875136067
2008-10-01,216.995,14608.209,,10034.1,0.97,10699805.0,4.9,1016.46134,6.5,3.7310578899565026
2008-11-01,213.153,,,9885.2,0.39,,6.0,1010.48206,6.8,1.0999174706166883
2008-12-01,211.398,,,9801.5,0.16,,5.8,1003.99704,7.3,-0.022228002553854216
2009-01-01,211.933,14430.902,2104990.0,9847.2,0.15,11126941.0,5.9,1007.21524,7.8,-0.11358601902212988
2009-02-01,212.705,,,9824.5,0.22,,5.4,998.87618,8.3,0.008463140671503515
2009-03-01,212.495,,,9773.2,0.18,,5.8,984.51263,8.7,-0.44647876766238287
2009-04-01,212.709,14381.236,,9772.5,0.15,11545275.0,6.5,980.66614,9.0,-0.5763244243767021
2009-05-01,213.022,,,9791.6,0.18,,7.8,966.76034,9.4,-1.015761495855176
2009-06-01,214.79,,,9852.4,0.21,,6.1,963.14709,9.5,-1.229174618210915
2009-07-01,214.726,14448.882,,9886.3,0.16,11909828.0,5.4,960.21734,9.5,-1.9587610037622785
2009-08-01,215.445,,,10004.1,0.16,,4.4,952.04504,9.6,-1.483835566326766
2009-09-01,215.861,,,9927.8,0.15,,5.5,947.92326,9.8,-1.37794286288647
2009-10-01,216.509,14651.249,,9976.7,0.12,12311349.0,5.1,940.39211,10.0,-0.22396829420033565
2009-11-01,217.234,,,9985.7,0.12,,5.5,924.82091,9.9,1.9145871744709282
2009-12-01,217.347,,,10052.6,0.12,,5.4,916.07663,9.9,2.8141231232083617
2010-01-01,217.488,14764.61,2162710.0,10056.1,0.11,12773123.0,5.6,909.53116,9.8,2.621111388976708
2010-02-01,217.281,,,10093.4,0.13,,5.3,902.33023,9.8,2.1513363578665254
2010-03-01,217.353,,,10156.0,0.16,,5.3,897.87961,9.9,2.2861714393279864
2010-04-01,217.403,14980.193,,10182.3,0.2,13201792.0,6.0,896.60291,9.9,2.206770752530447
2010-05-01,217.29,,,10210.8,0.2,,6.4,882.59544,9.6,2.0035489292185784
2010-06-01,217.199,,,10231.3,0.18,,6.2,877.04312,9.4,1.1215605940686346
2010-07-01,217.605,15141.607,,10268.1,0.18,13561622.0,6.1,873.22328,9.4,1.3407784804820986
2010-08-01,217.923,,,10307.1,0.19,,6.2,866.78493,9.5,1.1501775395112481
2010-09-01,218.275,,,10327.1,0.19,,6.1,862.09068,9.5,1.1183122472331806
2010-10-01,219.035,15309.474,,10386.4,0.19,14025215.0,5.9,855.38039,9.4,1.166695148931458
2010-11-01,219.59,,,10433.6,0.19,,5.8,851.02371,9.8,1.0845447766003455
2010-12-01,220.472,,,10471.0,0.18,,6.2,839.10267,9.3,1.4377930222179278
2011-01-01,221.187,15351.448,2303470.0,10514.3,0.17,14270114.0,6.6,835.41827,9.1,1.700783491502985
2011-02-01,221.898,,,10540.6,0.16,,6.9,833.74499,9.0,2.1248981733331447
2011-03-01,223.046,,,10619.7,0.14,,6.3,835.66793,9.0,2.619241510354117
2011-04-01,224.093,15557.539,,10652.1,0.1,14343087.0,6.3,834.22614,9.1,3.07723444478687
2011-05-01,224.806,,,10672.2,0.09,,6.3,832.51072,9.0,3.458971880896507
2011-06-01,224.806,,,10694.8,0.09,,6.5,836.24843,9.1,3.5023181506360523
2011-07-01,225.395,15647.68,,10731.6,0.07,14790340.0,6.7,836.45922,9.0,3.579880976999619
2011-08-01,226.106,,,10750.3,0.1,,6.7,836.2136,9.0,3.754996030708091
2011-09-01,226.597,,,10783.2,0.08,,6.4,838.29307,9.0,3.8126216928186936
2011-10-01,226.75,15842.259,,10802.9,0.07,15222940.0,6.3,838.23509,8.8,3.522268130664051
2011-11-01,227.169,,,10806.8,0.08,,6.4,842.06965,8.6,3.451432214581724
2011-12-01,227.223,,,10817.8,0.07,,7.2,840.16423,8.5,3.062066838419393
2012-01-01,227.842,16068.805,2449990.0,10896.8,0.08,15606518.0,7.4,840.48451,8.3,3.008766337985506
2012-02-01,228.329,,,10987.2,0.1,,7.3,842.73181,8.3,2.89817844234739
2012-03-01,228.807,,,10993.9,0.13,,7.6,842.77494,8.2,2.5828752813321
2012-04-01,229.187,16207.115,,11018.5,0.14,15855037.0,7.9,838.27676,8.2,2.273163374134856
2012-05-01,228.713,,,11006.8,0.16,,7.9,839.97512,8.2,1.7379429374660738
2012-06-01,228.524,,,10989.8,0.16,,7.9,838.81852,8.2,1.6538704482976385
2012-07-01,228.59,16319.541,,11016.8,0.16,16066240.0,7.0,837.49026,8.2,1.4175114798464887
2012-08-01,229.918,,,11056.0,0.13,,6.7,841.40915,8.1,1.6859349154821242
2012-09-01,231.015,,,11105.3,0.14,,7.2,841.56754,7.8,1.9497168982819624
2012-10-01,231.638,16420.419,,11137.4,0.16,16432730.0,7.8,843.40968,7.8,2.155678059536937
2012-11-01,231.249,,,11178.4,0.16,,8.7,845.82777,7.7,1.7960197033926213
2012-12-01,231.221,,,11181.2,0.16,,10.9,839.98084,7.9,1.7595049796895517
2013-01-01,231.679,16648.189,2775110.0,11252.4,0.14,16771381.0,4.9,844.79466,8.0,1.6840617620982914
2013-02-01,232.937,,,11290.5,0.15,,4.7,850.40645,7.7,2.018140490257481
2013-03-01,232.282,,,11290.1,0.14,,4.8,849.56363,7.5,1.518747241124626
2013-04-01,231.797,16728.687,,11281.1,0.15,16738320.0,5.1,847.85623,7.6,1.1388080475768632
2013-05-01,231.893,,,11321.6,0.11,,5.3,851.75163,7.5,1.3903888279197103
2013-06-01,232.445,,,11344.4,0.09,,5.4,850.68848,7.5,1.7157935271568816
2013-07-01,232.9,16953.838,,11372.6,0.09,16738180.0,5.2,850.85489,7.3,1.8854718054158108
2013-08-01,233.456,,,11406.6,0.08,,5.2,852.37838,7.2,1.5388094886002759
2013-09-01,233.544,,,11445.9,0.08,,5.3,853.26362,7.2,1.0947341081748048
2013-10-01,233.669,17192.019,,11498.0,0.09,17156119.0,4.7,856.96462,7.2,0.8767991434911396
2013-11-01,234.1,,,11562.5,0.08,,4.5,852.43984,6.9,1.2328701961954427
2013-12-01,234.719,,,11593.2,0.09,,4.5,854.1388,6.7,1.5128383667573404
2014-01-01,235.288,17197.738,3021490.0,11578.8,0.07,17601227.0,5.2,858.71797,6.6,1.5577587955749157
2014-02-01,235.547,,,11636.9,0.07,,5.3,862.90492,6.7,1.1204746347724857
2014-03-01,236.028,,,11722.3,0.08,,5.2,865.05035,6.7,1.6126949139408049
2014-04-01,236.468,17518.508,,11762.3,0.09,17632606.0,5.4,871.25186,6.2,2.0151253036061694
2014-05-01,236.918,,,11807.3,0.09,,5.6,874.25682,6.3,2.166947687079819
2014-06-01,237.231,,,11861.7,0.1,,5.6,874.76596,6.1,2.058981694594421
2014-07-01,237.498,17804.228,,11904.4,0.09,17824071.0,5.5,880.07295,6.2,1.9742378703306074
2014-08-01,237.46,,,11983.7,0.09,,5.3,881.9161,6.1,1.7150983482969036
2014-09-01,237.477,,,11991.4,0.09,,5.5,882.97356,5.9,1.6840509711232112
2014-10-01,237.43,17912.079,,12064.7,0.09,18141444.0,5.4,885.41583,5.7,1.6095417021513319
2014-11-01,236.983,,,12083.9,0.09,,5.6,882.73655,5.8,1.2315249893208071
2014-12-01,236.252,,,12096.1,0.12,,6.0,887.38164,5.6,0.6531213919623104
2015-01-01,234.747,18063.529,3249890.0,12066.7,0.11,18152056.0,6.3,878.6121,5.7,-0.229930978205432
2015-02-01,235.342,,,12116.6,0.11,,6.4,880.75003,5.5,-0.08703146293520363
2015-03-01,235.976,,,12176.1,0.11,,5.9,887.73952,5.4,-0.022031284423878736
2015-04-01,236.222,18279.784,,12209.1,0.12,18151998.0,5.9,894.03289,5.4,-0.1040309893939057
2015-05-01,237.001,,,12275.4,0.12,,5.8,896.15239,5.6,0.03503321824428638
2015-06-01,237.657,,,12307.9,0.13,,5.7,902.13829,5.3,0.17957180975505568
2015-07-01,238.034,18401.626,,12364.9,0.13,18150618.0,5.6,906.73148,5.2,0.22568611104093567
2015-08-01,238.033,,,12396.2,0.14,,5.6,910.32402,5.1,0.2413037985344812
2015-09-01,237.498,,,12386.4,0.14,,5.8,916.87873,5.0,0.00884296163417366
2015-10-01,237.733,18435.137,,12394.9,0.12,18922179.0,5.8,918.75475,5.0,0.12761656067051227
2015-11-01,238.017,,,12423.2,0.12,,5.6,920.26325,5.1,0.4363182169185097
2015-12-01,237.761,,,12452.0,0.24,,5.8,898.08265,5.0,0.638724751536489
2016-01-01,237.652,18525.933,3267960.0,12478.0,0.34,19264939.0,6.1,902.18882,4.8,1.2375025026943784
2016-02-01,237.336,,,12554.5,0.38,,5.6,905.09046,4.9,0.8472775790126708
2016-03-01,238.08,,,12537.0,0.36,,5.9,917.38348,5.0,0.8916160965521974
2016-04-01,238.992,18711.702,,12611.5,0.37,19381591.0,5.5,921.31474,5.1,1.1726257503534734
2016-05-01,239.557,,,12652.7,0.37,,5.3,924.36538,4.8,1.0784764621246252
2016-06-01,240.222,,,12731.2,0.38,,4.9,932.21923,4.9,1.0792865347959444
2016-07-01,240.101,18892.639,,12756.7,0.39,19573445.0,5.1,937.00634,4.8,0.868363343051836
2016-08-01,240.545,,,12788.1,0.4,,5.1,942.21702,4.9,1.0553158595656909
2016-09-01,241.176,,,12846.6,0.4,,5.1,946.42229,5.0,1.5486446201652213
2016-10-01,241.741,19089.379,,12867.0,0.4,19976827.0,5.3,947.56782,4.9,1.685924966243647
2016-11-01,242.026,,,12893.0,0.41,,5.4,955.91795,4.7,1.6843334719788983
2016-12-01,242.637,,,13005.9,0.54,,5.0,960.09549,4.7,2.0507989115119822
2017-01-01,243.618,19280.084,3316180.0,13063.7,0.65,19846420.0,5.3,962.91999,4.7,2.510393348257119
2017-02-01,244.006,,,13088.4,0.66,,5.6,968.2838,4.6,2.810361681329418
2017-03-01,243.892,,,13139.9,0.79,,5.6,973.09614,4.4,2.441196236559133
2017-04-01,244.193,19438.643,,13169.2,0.9,19844554.0,5.7,975.16089,4.4,2.176223471915387
2017-05-01,244.004,,,13171.9,0.91,,6.3,979.7781,4.4,1.8563431667619825
2017-06-01,244.163,,,13225.2,1.04,,6.0,983.05364,4.3,1.640565809959122
2017-07-01,244.243,19692.595,,13263.3,1.15,20244900.0,6.0,985.5635,4.3,1.7251073506565968
2017-08-01,245.183,,,13294.6,1.16,,6.1,990.1159,4.4,1.9281215572969739
2017-09-01,246.435,,,13417.3,1.15,,5.9,995.97246,4.3,2.1805652303711875
2017-10-01,246.626,20037.088,,13447.5,1.15,20492747.0,6.0,1004.56305,4.2,2.020757753132481
2017-11-01,247.284,,,13540.6,1.16,,5.6,1012.97623,4.2,2.172493864295564
2017-12-01,247.805,,,13666.1,1.3,,5.0,1016.80667,4.1,2.1299307195522554
2018-01-01,248.859,20328.553,3329910.0,13703.3,1.41,21089643.0,5.7,1022.69644,4.0,2.151318868063942
2018-02-01,249.529,,,13738.7,1.42,,5.8,1024.70577,4.1,2.263468931091857
2018-03-01,249.577,,,13793.2,1.51,,5.9,1028.45534,4.0,2.3309497646499278
2018-04-01,250.227,20580.912,,13838.4,1.69,21195070.0,6.0,1024.36076,4.0,2.4709963021052985
2018-05-01,250.792,,,13905.0,1.7,,6.0,1027.76901,3.8,2.781921607842499
2018-06-01,251.018,,,13930.4,1.82,,6.3,1023.79172,4.0,2.807550693594029
2018-07-01,251.214,20798.73,,13974.8,1.91,21516058.0,6.5,1034.1234,3.8,2.8541247855619214
2018-08-01,251.663,,,14014.0,1.91,,6.6,1040.5295,3.8,2.6429238568742606
2018-09-01,252.182,,,14017.8,1.95,,6.8,1042.69575,3.7,2.3320551058088284
2018-10-01,252.772,20917.867,,14083.1,2.19,21974096.0,6.7,1049.48256,3.8,2.4920324702180574
2018-11-01,252.594,,,14162.9,2.2,,6.5,1052.72786,3.8,2.1473285776677837
2018-12-01,252.767,,,14051.6,2.27,,8.4,1053.84741,3.9,2.0023809043401015
2019-01-01,252.718,21104.133,3463360.0,14088.4,2.4,22027880.0,8.2,1060.67274,4.0,1.5506772911568318
2019-02-01,253.322,,,14115.5,2.4,,8.5,1063.32477,3.8,1.5200638001995785
2019-03-01,254.202,,,14240.1,2.41,,7.9,1063.97079,3.8,1.8531355052749252
2019-04-01,255.211,21384.775,,14278.3,2.42,22023283.0,7.7,1071.04306,3.6,1.9917914533603525
2019-05-01,255.29,,,14340.8,2.39,,7.3,1074.04977,3.7,1.7935181345497426
2019-06-01,255.159,,,14391.2,2.38,,7.1,1070.01305,3.6,1.6496824928889529
2019-07-01,255.685,21694.282,,14471.8,2.4,22719402.0,6.8,1081.30877,3.7,1.779757497591696
2019-08-01,256.059,,,14525.7,2.13,,7.0,1082.64281,3.7,1.746780416668328
2019-09-01,256.511,,,14555.6,2.04,,7.2,1083.10157,3.5,1.7166173636500766
2019-10-01,257.244,21902.39,,14584.0,1.83,23201380.0,7.3,1086.35667,3.6,1.7691832956182003
2019-11-01,257.803,,,14678.6,1.55,,7.1,1076.69882,3.6,2.0622025859679973
2019-12-01,258.616,,,14741.3,1.55,,6.4,1091.98896,3.6,2.313988772268528
2020-01-01,259.037,21706.513,3421160.0,14815.7,1.55,23223813.0,7.2,1095.79554,3.5,2.5004154828702303
2020-02-01,259.248,,,14810.7,1.58,,7.7,1100.48472,3.5,2.339315179889622
2020-03-01,258.124,,,13793.0,0.65,,12.5,1082.10783,4.4,1.542867483340031
2020-04-01,256.092,19913.143,,12228.3,0.05,26477241.0,32.0,1025.36045,14.7,0.345204556229932
2020-05-01,255.868,,,13251.4,0.05,,22.7,1000.27375,13.2,0.22640918171491364
2020-06-01,256.986,,,14027.1,0.08,,18.4,990.79276,11.0,0.7160241261331163
2020-07-01,258.278,21647.64,,14285.1,0.09,26945391.0,17.9,989.14973,10.2,1.0141384907210111
2020-08-01,259.411,,,14428.4,0.1,,14.0,979.67251,8.4,1.309073299512993
2020-09-01,260.029,,,14655.0,0.09,,13.2,982.56926,7.9,1.3714811450580957
2020-10-01,260.286,22024.502,,14702.5,0.09,27747798.0,12.8,978.54378,6.9,1.1825348696179396
2020-11-01,260.813,,,14675.8,0.09,,12.1,971.86073,6.7,1.1675581742648422
2020-12-01,262.035,,,14801.8,0.09,,12.0,974.5945,6.7,1.3220373062765025
2021-01-01,262.65,22600.185,4047110.0,15047.3,0.09,28132570.0,19.3,971.62647,6.3,1.3947814404891965
2021-02-01,263.638,,,14948.2,0.08,,12.8,974.44509,6.2,1.6933592544590457
2021-03-01,264.914,,,15657.6,0.07,,26.1,972.02596,6.1,2.6305186654476
2021-04-01,266.67,23292.362,,15854.1,0.07,28529436.0,12.3,971.58602,6.1,4.130546834731281
2021-05-01,268.444,,,15890.0,0.06,,9.9,979.41523,5.8,4.915034314568458
2021-06-01,270.559,,,16108.5,0.08,,8.7,1001.83321,5.9,5.281610671398456
2021-07-01,271.764,23828.973,,16150.8,0.1,28428919.0,9.4,1007.62562,5.4,5.221505509567207
2021-08-01,272.87,,,16305.6,0.09,,8.7,1012.18163,5.2,5.188291938275556
2021-09-01,274.028,,,16398.9,0.08,,7.2,1022.73558,4.8,5.383630287391031
2021-10-01,276.522,24654.603,,16613.8,0.08,29617215.0,6.6,1030.44627,4.5,6.237753855374469
2021-11-01,278.711,,,16741.6,0.08,,6.2,1044.0499,4.2,6.862387994463476
2021-12-01,280.887,,,16799.2,0.08,,6.1,1053.53037,3.9,7.19445875550975
2022-01-01,282.599,25029.116,4897400.0,16888.6,0.08,30400960.0,4.1,1062.78729,4.0,7.595278888254336
2022-02-01,284.61,,,16999.7,0.08,,4.1,1073.83054,3.8,7.954847176810641
2022-03-01,287.472,,,17203.6,0.2,,3.4,1096.86911,3.6,8.515216258861363
2022-04-01,288.611,25544.273,,17310.5,0.33,30568582.0,3.1,1110.6664,3.6,8.227772152848079
2022-05-01,291.268,,,17384.8,0.77,,3.1,1120.27849,3.6,8.502331957503225
2022-06-01,294.728,,,17550.0,1.21,,2.7,1134.71289,3.6,8.932986890105294
2022-07-01,294.628,25994.639,,17556.4,1.68,30928912.0,3.5,1147.00357,3.5,8.413182025581008
2022-08-01,295.32,,,17692.2,2.33,,3.2,1161.98082,3.7,8.227361014402458
2022-09-01,296.539,,,17804.0,2.56,,3.0,1171.50821,3.5,8.214853956529977
2022-10-01,297.987,26408.405,,17915.1,3.08,31419689.0,3.0,1185.50873,3.7,7.7624926768937135
2022-11-01,298.598,,,17892.5,3.78,,3.3,1201.09011,3.6,7.135348084575062
2022-12-01,298.99,,,17943.6,4.1,,3.4,1212.60894,3.5,6.444940492084009
2023-01-01,300.536,26813.601,4439280.0,18229.6,4.33,31458438.0,4.4,1223.01589,3.4,6.347156217821016
2023-02-01,301.648,,,18296.5,4.57,,4.7,1226.38197,3.6,5.986437581251541
2023-03-01,301.808,,,18282.6,4.65,,5.2,1240.09648,3.5,4.986920465297494
2023-04-01,302.918,27063.012,,18363.8,4.83,32332274.0,5.2,1253.61117,3.4,4.95719151383697
2023-05-01,303.294,,,18407.8,5.06,,5.3,1261.53386,3.7,4.128843539283413
2023-06-01,303.841,,,18485.4,5.08,,4.8,1260.46336,3.6,3.092003474389946
2023-07-01,304.348,27644.463,,18621.3,5.12,33167334.0,4.2,1271.17801,3.5,3.299075444289079
2023-08-01,306.269,,,18689.9,5.33,,4.2,1288.1239,3.8,3.707503724773132
2023-09-01,307.481,,,18823.4,5.33,,3.7,1292.56745,3.8,3.689902508607639
2023-10-01,307.619,,,18864.7,5.33,,3.8,1295.44619,3.9,3.232355773909602
2023-11-01,,,,,5.33,,,,,
2024-01-01,,,5036380.0,,,,,,,
